id,from_asset,to_asset,year,rep_period,time_block_start,time_block_end,var_flow_id,dual_max_transport_flow_limit_simple_method,dual_min_transport_flow_limit_simple_method
1,NL_Balance,BE_Balance,2030,1,1,3,433,0.0,0.0
2,NL_Balance,BE_Balance,2030,1,4,6,434,-0.9271999999999987,0.0
3,NL_Balance,BE_Balance,2030,1,7,9,435,0.0,0.0
4,NL_Balance,BE_Balance,2030,1,10,12,436,0.0,-0.0
5,NL_Balance,BE_Balance,2030,1,13,15,437,0.0,-0.0
6,NL_Balance,BE_Balance,2030,1,16,18,438,0.0,-0.0
7,NL_Balance,BE_Balance,2030,1,19,21,439,-0.8321000000000005,0.0
8,NL_Balance,BE_Balance,2030,1,22,24,440,-2.4963,0.0
9,NL_Balance,DE_Balance,2030,1,1,3,441,0.0,0.0
10,NL_Balance,DE_Balance,2030,1,4,6,442,-0.9271999999999987,0.0
11,NL_Balance,DE_Balance,2030,1,7,9,443,0.0,0.0
12,NL_Balance,DE_Balance,2030,1,10,12,444,0.0,-0.0
13,NL_Balance,DE_Balance,2030,1,13,15,445,0.0,0.0
14,NL_Balance,DE_Balance,2030,1,16,18,446,0.0,0.0
15,NL_Balance,DE_Balance,2030,1,19,21,447,-0.8321000000000005,0.0
16,NL_Balance,DE_Balance,2030,1,22,24,448,-2.4963,0.0
17,BE_Balance,FR_Balance,2030,1,1,3,449,0.0,0.0
18,BE_Balance,FR_Balance,2030,1,4,6,450,0.0,0.0
19,BE_Balance,FR_Balance,2030,1,7,9,451,0.0,0.0
20,BE_Balance,FR_Balance,2030,1,10,12,452,-2.862,0.0
21,BE_Balance,FR_Balance,2030,1,13,15,453,0.0,0.0
22,BE_Balance,FR_Balance,2030,1,16,18,454,0.0,0.0
23,BE_Balance,FR_Balance,2030,1,19,21,455,-1.2163499999999994,0.0
24,BE_Balance,FR_Balance,2030,1,22,24,456,-3.649049999999999,0.0
25,BE_Balance,DE_Balance,2030,1,1,3,457,0.0,-0.0
26,BE_Balance,DE_Balance,2030,1,4,6,458,0.0,0.0
27,BE_Balance,DE_Balance,2030,1,7,9,459,0.0,0.0
28,BE_Balance,DE_Balance,2030,1,10,12,460,0.0,-0.0
29,BE_Balance,DE_Balance,2030,1,13,15,461,0.0,-0.0
30,BE_Balance,DE_Balance,2030,1,16,18,462,0.0,-0.0
31,BE_Balance,DE_Balance,2030,1,19,21,463,0.0,-0.0
32,BE_Balance,DE_Balance,2030,1,22,24,464,0.0,-0.0
33,BE_Balance,LU_Balance,2030,1,1,3,465,0.0,0.0
34,BE_Balance,LU_Balance,2030,1,4,6,466,0.0,0.0
35,BE_Balance,LU_Balance,2030,1,7,9,467,0.0,0.0
36,BE_Balance,LU_Balance,2030,1,10,12,468,0.0,0.0
37,BE_Balance,LU_Balance,2030,1,13,15,469,0.0,0.0
38,BE_Balance,LU_Balance,2030,1,16,18,470,0.0,0.0
39,BE_Balance,LU_Balance,2030,1,19,21,471,0.0,0.0
40,BE_Balance,LU_Balance,2030,1,22,24,472,0.0,0.0
41,DE_Balance,FR_Balance,2030,1,1,3,473,0.0,-0.0
42,DE_Balance,FR_Balance,2030,1,4,6,474,0.0,-0.0
43,DE_Balance,FR_Balance,2030,1,7,9,475,0.0,0.0
44,DE_Balance,FR_Balance,2030,1,10,12,476,-2.862,0.0
45,DE_Balance,FR_Balance,2030,1,13,15,477,0.0,0.0
46,DE_Balance,FR_Balance,2030,1,16,18,478,0.0,-0.0
47,DE_Balance,FR_Balance,2030,1,19,21,479,-1.2163499999999994,0.0
48,DE_Balance,FR_Balance,2030,1,22,24,480,-3.649049999999999,0.0
49,DE_Balance,CH_Balance,2030,1,1,3,481,0.0,0.0
50,DE_Balance,CH_Balance,2030,1,4,6,482,0.0,-0.0
51,DE_Balance,CH_Balance,2030,1,7,9,483,0.0,-0.0
52,DE_Balance,CH_Balance,2030,1,10,12,484,0.0,2.4326999999999996
53,DE_Balance,CH_Balance,2030,1,13,15,485,0.0,-0.0
54,DE_Balance,CH_Balance,2030,1,16,18,486,0.0,2.4326999999999996
55,DE_Balance,CH_Balance,2030,1,19,21,487,0.0,-0.0
56,DE_Balance,CH_Balance,2030,1,22,24,488,0.0,0.0
57,DE_Balance,AT_Balance,2030,1,1,3,489,0.0,-0.0
58,DE_Balance,AT_Balance,2030,1,4,6,490,0.0,0.0
59,DE_Balance,AT_Balance,2030,1,7,9,491,0.0,0.0
60,DE_Balance,AT_Balance,2030,1,10,12,492,0.0,0.0
61,DE_Balance,AT_Balance,2030,1,13,15,493,0.0,0.0
62,DE_Balance,AT_Balance,2030,1,16,18,494,0.0,0.0
63,DE_Balance,AT_Balance,2030,1,19,21,495,0.0,0.0
64,DE_Balance,AT_Balance,2030,1,22,24,496,0.0,0.0
65,DE_Balance,LU_Balance,2030,1,1,3,497,0.0,0.0
66,DE_Balance,LU_Balance,2030,1,4,6,498,0.0,-0.0
67,DE_Balance,LU_Balance,2030,1,7,9,499,0.0,0.0
68,DE_Balance,LU_Balance,2030,1,10,12,500,0.0,0.0
69,DE_Balance,LU_Balance,2030,1,13,15,501,0.0,0.0
70,DE_Balance,LU_Balance,2030,1,16,18,502,0.0,0.0
71,DE_Balance,LU_Balance,2030,1,19,21,503,0.0,0.0
72,DE_Balance,LU_Balance,2030,1,22,24,504,0.0,0.0
73,FR_Balance,CH_Balance,2030,1,1,3,505,0.0,0.0
74,FR_Balance,CH_Balance,2030,1,4,6,506,0.0,0.0
75,FR_Balance,CH_Balance,2030,1,7,9,507,0.0,-0.0
76,FR_Balance,CH_Balance,2030,1,10,12,508,0.0,5.2947
77,FR_Balance,CH_Balance,2030,1,13,15,509,0.0,-0.0
78,FR_Balance,CH_Balance,2030,1,16,18,510,0.0,2.4326999999999996
79,FR_Balance,CH_Balance,2030,1,19,21,511,0.0,1.2163499999999994
80,FR_Balance,CH_Balance,2030,1,22,24,512,0.0,3.649049999999999
81,FR_Balance,LU_Balance,2030,1,1,3,513,0.0,-0.0
82,FR_Balance,LU_Balance,2030,1,4,6,514,0.0,0.0
83,FR_Balance,LU_Balance,2030,1,7,9,515,0.0,0.0
84,FR_Balance,LU_Balance,2030,1,10,12,516,0.0,2.862
85,FR_Balance,LU_Balance,2030,1,13,15,517,0.0,-0.0
86,FR_Balance,LU_Balance,2030,1,16,18,518,0.0,0.0
87,FR_Balance,LU_Balance,2030,1,19,21,519,0.0,1.2163499999999994
88,FR_Balance,LU_Balance,2030,1,22,24,520,0.0,3.649049999999999
89,CH_Balance,AT_Balance,2030,1,1,3,521,0.0,-0.0
90,CH_Balance,AT_Balance,2030,1,4,6,522,0.0,0.0
91,CH_Balance,AT_Balance,2030,1,7,9,523,0.0,0.0
92,CH_Balance,AT_Balance,2030,1,10,12,524,-2.4326999999999996,0.0
93,CH_Balance,AT_Balance,2030,1,13,15,525,0.0,0.0
94,CH_Balance,AT_Balance,2030,1,16,18,526,-2.4326999999999996,0.0
95,CH_Balance,AT_Balance,2030,1,19,21,527,0.0,0.0
96,CH_Balance,AT_Balance,2030,1,22,24,528,0.0,-0.0
97,NL_Balance,BE_Balance,2030,2,1,3,1097,0.0,0.0
98,NL_Balance,BE_Balance,2030,2,4,6,1098,0.0,0.0
99,NL_Balance,BE_Balance,2030,2,7,9,1099,0.0,0.0
100,NL_Balance,BE_Balance,2030,2,10,12,1100,0.0,-0.0
101,NL_Balance,BE_Balance,2030,2,13,15,1101,0.0,-2.220446049250313e-16
102,NL_Balance,BE_Balance,2030,2,16,18,1102,0.0,0.5180999999999998
103,NL_Balance,BE_Balance,2030,2,19,21,1103,0.0,0.0
104,NL_Balance,BE_Balance,2030,2,22,24,1104,-1.5543,0.0
105,BE_Balance,FR_Balance,2030,2,1,3,1105,0.0,0.0
106,BE_Balance,FR_Balance,2030,2,4,6,1106,0.0,1.0362000000000002
107,BE_Balance,FR_Balance,2030,2,7,9,1107,0.0,1.5543
108,BE_Balance,FR_Balance,2030,2,10,12,1108,0.0,1.5543
109,BE_Balance,FR_Balance,2030,2,13,15,1109,0.0,1.5543000000000002
110,BE_Balance,FR_Balance,2030,2,16,18,1110,0.0,1.5543000000000002
111,BE_Balance,FR_Balance,2030,2,19,21,1111,0.0,-0.0
112,BE_Balance,FR_Balance,2030,2,22,24,1112,0.0,0.0
113,BE_Balance,DE_Balance,2030,2,1,3,1113,-1.5542999999999996,0.0
114,BE_Balance,DE_Balance,2030,2,4,6,1114,-0.5180999999999998,0.0
115,BE_Balance,DE_Balance,2030,2,7,9,1115,0.0,0.0
116,BE_Balance,DE_Balance,2030,2,10,12,1116,0.0,0.0
117,BE_Balance,DE_Balance,2030,2,13,15,1117,2.220446049250313e-16,0.0
118,BE_Balance,DE_Balance,2030,2,16,18,1118,0.0,0.0
119,BE_Balance,DE_Balance,2030,2,19,21,1119,0.0,-0.0
120,BE_Balance,DE_Balance,2030,2,22,24,1120,0.0,-0.0
121,BE_Balance,LU_Balance,2030,2,1,3,1121,0.0,0.0
122,BE_Balance,LU_Balance,2030,2,4,6,1122,0.0,0.0
123,BE_Balance,LU_Balance,2030,2,7,9,1123,0.0,0.0
124,BE_Balance,LU_Balance,2030,2,10,12,1124,0.0,-0.0
125,BE_Balance,LU_Balance,2030,2,13,15,1125,0.0,0.0
126,BE_Balance,LU_Balance,2030,2,16,18,1126,0.0,-0.0
127,BE_Balance,LU_Balance,2030,2,19,21,1127,0.0,-0.0
128,BE_Balance,LU_Balance,2030,2,22,24,1128,0.0,0.0
129,DE_Balance,CH_Balance,2030,2,1,3,1129,-4.440892098500626e-16,0.0
130,DE_Balance,CH_Balance,2030,2,4,6,1130,0.0,0.0
131,DE_Balance,CH_Balance,2030,2,7,9,1131,0.0,-0.0
132,DE_Balance,CH_Balance,2030,2,10,12,1132,0.0,-8.881784197001252e-16
133,DE_Balance,CH_Balance,2030,2,13,15,1133,0.0,1.5543
134,DE_Balance,CH_Balance,2030,2,16,18,1134,0.0,0.0
135,DE_Balance,CH_Balance,2030,2,19,21,1135,0.0,0.0
136,DE_Balance,CH_Balance,2030,2,22,24,1136,0.0,0.0
137,DE_Balance,LU_Balance,2030,2,1,3,1137,0.0,1.5542999999999996
138,DE_Balance,LU_Balance,2030,2,4,6,1138,0.0,0.5180999999999998
139,DE_Balance,LU_Balance,2030,2,7,9,1139,0.0,-0.0
140,DE_Balance,LU_Balance,2030,2,10,12,1140,0.0,0.0
141,DE_Balance,LU_Balance,2030,2,13,15,1141,0.0,-2.220446049250313e-16
142,DE_Balance,LU_Balance,2030,2,16,18,1142,0.0,0.0
143,DE_Balance,LU_Balance,2030,2,19,21,1143,0.0,0.0
144,DE_Balance,LU_Balance,2030,2,22,24,1144,0.0,0.0
145,FR_Balance,CH_Balance,2030,2,1,3,1145,-1.5543,0.0
146,FR_Balance,CH_Balance,2030,2,4,6,1146,-1.5543,0.0
147,FR_Balance,CH_Balance,2030,2,7,9,1147,-1.5543,0.0
148,FR_Balance,CH_Balance,2030,2,10,12,1148,-1.554300000000001,0.0
149,FR_Balance,CH_Balance,2030,2,13,15,1149,0.0,0.0
150,FR_Balance,CH_Balance,2030,2,16,18,1150,-1.5543000000000002,0.0
151,FR_Balance,CH_Balance,2030,2,19,21,1151,0.0,0.0
152,FR_Balance,CH_Balance,2030,2,22,24,1152,0.0,-0.0
153,FR_Balance,LU_Balance,2030,2,1,3,1153,0.0,0.0
154,FR_Balance,LU_Balance,2030,2,4,6,1154,-1.0362000000000002,0.0
155,FR_Balance,LU_Balance,2030,2,7,9,1155,-1.5543,0.0
156,FR_Balance,LU_Balance,2030,2,10,12,1156,-1.5543,0.0
157,FR_Balance,LU_Balance,2030,2,13,15,1157,-1.5543000000000002,0.0
158,FR_Balance,LU_Balance,2030,2,16,18,1158,-1.5543000000000002,0.0
159,FR_Balance,LU_Balance,2030,2,19,21,1159,0.0,0.0
160,FR_Balance,LU_Balance,2030,2,22,24,1160,0.0,0.0
161,NL_Balance,DE_Balance,2030,2,1,3,1201,-1.5542999999999996,0.0
162,NL_Balance,DE_Balance,2030,2,4,6,1202,-0.5180999999999998,0.0
163,NL_Balance,DE_Balance,2030,2,7,9,1203,0.0,0.0
164,NL_Balance,DE_Balance,2030,2,10,12,1204,0.0,0.0
165,NL_Balance,DE_Balance,2030,2,13,15,1205,0.0,-0.0
166,NL_Balance,DE_Balance,2030,2,16,18,1206,0.0,0.5180999999999998
167,NL_Balance,DE_Balance,2030,2,19,21,1207,0.0,0.0
168,NL_Balance,DE_Balance,2030,2,22,24,1208,-1.5543,0.0
169,DE_Balance,FR_Balance,2030,2,1,3,1217,0.0,1.5542999999999996
170,DE_Balance,FR_Balance,2030,2,4,6,1218,0.0,1.5543
171,DE_Balance,FR_Balance,2030,2,7,9,1219,0.0,1.5543
172,DE_Balance,FR_Balance,2030,2,10,12,1220,0.0,1.5543
173,DE_Balance,FR_Balance,2030,2,13,15,1221,0.0,1.5543
174,DE_Balance,FR_Balance,2030,2,16,18,1222,0.0,1.5543000000000002
175,DE_Balance,FR_Balance,2030,2,19,21,1223,0.0,0.0
176,DE_Balance,FR_Balance,2030,2,22,24,1224,0.0,0.0
177,DE_Balance,AT_Balance,2030,2,1,3,1249,0.0,1.5542999999999996
178,DE_Balance,AT_Balance,2030,2,4,6,1250,0.0,1.5543
179,DE_Balance,AT_Balance,2030,2,7,9,1251,0.0,1.0361999999999996
180,DE_Balance,AT_Balance,2030,2,10,12,1252,0.0,-8.881784197001252e-16
181,DE_Balance,AT_Balance,2030,2,13,15,1253,0.0,1.5543
182,DE_Balance,AT_Balance,2030,2,16,18,1254,0.0,1.5543000000000002
183,DE_Balance,AT_Balance,2030,2,19,21,1255,0.0,1.5543
184,DE_Balance,AT_Balance,2030,2,22,24,1256,0.0,1.5543
185,CH_Balance,AT_Balance,2030,2,1,3,1273,0.0,1.5543
186,CH_Balance,AT_Balance,2030,2,4,6,1274,0.0,1.5543
187,CH_Balance,AT_Balance,2030,2,7,9,1275,0.0,1.0361999999999996
188,CH_Balance,AT_Balance,2030,2,10,12,1276,0.0,0.0
189,CH_Balance,AT_Balance,2030,2,13,15,1277,0.0,-0.0
190,CH_Balance,AT_Balance,2030,2,16,18,1278,0.0,1.5543000000000002
191,CH_Balance,AT_Balance,2030,2,19,21,1279,0.0,1.5543
192,CH_Balance,AT_Balance,2030,2,22,24,1280,0.0,1.5543
193,NL_Balance,BE_Balance,2030,3,1,3,1737,0.0,0.0
194,NL_Balance,BE_Balance,2030,3,4,6,1738,0.0,0.0
195,NL_Balance,BE_Balance,2030,3,7,9,1739,0.0,0.0
196,NL_Balance,BE_Balance,2030,3,10,12,1740,0.0,0.0
197,NL_Balance,BE_Balance,2030,3,13,15,1741,0.0,-0.0
198,NL_Balance,BE_Balance,2030,3,16,18,1742,0.0,-0.0
199,NL_Balance,BE_Balance,2030,3,19,21,1743,0.0,0.0
200,NL_Balance,BE_Balance,2030,3,22,24,1744,0.0,0.0
201,NL_Balance,DE_Balance,2030,3,1,3,1745,0.0,0.0
202,NL_Balance,DE_Balance,2030,3,4,6,1746,0.0,0.0
203,NL_Balance,DE_Balance,2030,3,7,9,1747,0.0,0.0
204,NL_Balance,DE_Balance,2030,3,10,12,1748,2.7755575615628914e-17,0.0
205,NL_Balance,DE_Balance,2030,3,13,15,1749,0.0,0.0
206,NL_Balance,DE_Balance,2030,3,16,18,1750,-1.3659000000000001,0.0
207,NL_Balance,DE_Balance,2030,3,19,21,1751,-1.3659000000000001,0.0
208,NL_Balance,DE_Balance,2030,3,22,24,1752,0.0,0.0
209,BE_Balance,FR_Balance,2030,3,1,3,1753,0.0,-0.0
210,BE_Balance,FR_Balance,2030,3,4,6,1754,0.0,-0.0
211,BE_Balance,FR_Balance,2030,3,7,9,1755,0.0,0.0
212,BE_Balance,FR_Balance,2030,3,10,12,1756,0.0,0.0
213,BE_Balance,FR_Balance,2030,3,13,15,1757,0.0,0.0
214,BE_Balance,FR_Balance,2030,3,16,18,1758,-1.3659000000000001,0.0
215,BE_Balance,FR_Balance,2030,3,19,21,1759,-1.3659000000000001,0.0
216,BE_Balance,FR_Balance,2030,3,22,24,1760,-1.3659000000000001,0.0
217,BE_Balance,DE_Balance,2030,3,1,3,1761,0.0,0.0
218,BE_Balance,DE_Balance,2030,3,4,6,1762,0.0,0.0
219,BE_Balance,DE_Balance,2030,3,7,9,1763,0.0,0.0
220,BE_Balance,DE_Balance,2030,3,10,12,1764,2.7755575615628914e-17,0.0
221,BE_Balance,DE_Balance,2030,3,13,15,1765,0.0,0.0
222,BE_Balance,DE_Balance,2030,3,16,18,1766,-1.3659000000000001,0.0
223,BE_Balance,DE_Balance,2030,3,19,21,1767,-1.3659000000000001,0.0
224,BE_Balance,DE_Balance,2030,3,22,24,1768,0.0,-0.0
225,BE_Balance,LU_Balance,2030,3,1,3,1769,0.0,-0.0
226,BE_Balance,LU_Balance,2030,3,4,6,1770,0.0,-0.0
227,BE_Balance,LU_Balance,2030,3,7,9,1771,0.0,0.0
228,BE_Balance,LU_Balance,2030,3,10,12,1772,0.0,0.0
229,BE_Balance,LU_Balance,2030,3,13,15,1773,0.0,0.0
230,BE_Balance,LU_Balance,2030,3,16,18,1774,-1.3659000000000001,0.0
231,BE_Balance,LU_Balance,2030,3,19,21,1775,-1.3659000000000001,0.0
232,BE_Balance,LU_Balance,2030,3,22,24,1776,0.0,0.0
233,DE_Balance,FR_Balance,2030,3,1,3,1777,0.0,-0.0
234,DE_Balance,FR_Balance,2030,3,4,6,1778,0.0,-0.0
235,DE_Balance,FR_Balance,2030,3,7,9,1779,0.0,0.0
236,DE_Balance,FR_Balance,2030,3,10,12,1780,0.0,-2.7755575615628914e-17
237,DE_Balance,FR_Balance,2030,3,13,15,1781,0.0,0.0
238,DE_Balance,FR_Balance,2030,3,16,18,1782,0.0,0.0
239,DE_Balance,FR_Balance,2030,3,19,21,1783,0.0,0.0
240,DE_Balance,FR_Balance,2030,3,22,24,1784,-1.3659000000000001,0.0
241,DE_Balance,AT_Balance,2030,3,1,3,1785,-1.3659000000000001,0.0
242,DE_Balance,AT_Balance,2030,3,4,6,1786,-1.3659000000000001,0.0
243,DE_Balance,AT_Balance,2030,3,7,9,1787,-1.3659,0.0
244,DE_Balance,AT_Balance,2030,3,10,12,1788,-1.3659000000000001,0.0
245,DE_Balance,AT_Balance,2030,3,13,15,1789,-4.262999999999999,0.0
246,DE_Balance,AT_Balance,2030,3,16,18,1790,-6.571165705666336,0.0
247,DE_Balance,AT_Balance,2030,3,19,21,1791,-9.40996570566633,0.0
248,DE_Balance,AT_Balance,2030,3,22,24,1792,-4.262999999999999,0.0
249,FR_Balance,CH_Balance,2030,3,1,3,1793,-1.3659000000000001,0.0
250,FR_Balance,CH_Balance,2030,3,4,6,1794,-1.3659,0.0
251,FR_Balance,CH_Balance,2030,3,7,9,1795,-1.3659,0.0
252,FR_Balance,CH_Balance,2030,3,10,12,1796,-1.3659000000000001,0.0
253,FR_Balance,CH_Balance,2030,3,13,15,1797,-1.3659000000000001,0.0
254,FR_Balance,CH_Balance,2030,3,16,18,1798,-6.571165705666336,0.0
255,FR_Balance,CH_Balance,2030,3,19,21,1799,-9.40996570566633,0.0
256,FR_Balance,CH_Balance,2030,3,22,24,1800,-8.51639999999998,0.0
257,FR_Balance,LU_Balance,2030,3,1,3,1801,0.0,0.0
258,FR_Balance,LU_Balance,2030,3,4,6,1802,0.0,0.0
259,FR_Balance,LU_Balance,2030,3,7,9,1803,0.0,0.0
260,FR_Balance,LU_Balance,2030,3,10,12,1804,0.0,0.0
261,FR_Balance,LU_Balance,2030,3,13,15,1805,0.0,0.0
262,FR_Balance,LU_Balance,2030,3,16,18,1806,0.0,-0.0
263,FR_Balance,LU_Balance,2030,3,19,21,1807,0.0,0.0
264,FR_Balance,LU_Balance,2030,3,22,24,1808,0.0,1.3659000000000001
265,CH_Balance,AT_Balance,2030,3,1,3,1809,0.0,0.0
266,CH_Balance,AT_Balance,2030,3,4,6,1810,0.0,-2.220446049250313e-16
267,CH_Balance,AT_Balance,2030,3,7,9,1811,0.0,0.0
268,CH_Balance,AT_Balance,2030,3,10,12,1812,0.0,0.0
269,CH_Balance,AT_Balance,2030,3,13,15,1813,-2.897099999999999,0.0
270,CH_Balance,AT_Balance,2030,3,16,18,1814,0.0,0.0
271,CH_Balance,AT_Balance,2030,3,19,21,1815,0.0,0.0
272,CH_Balance,AT_Balance,2030,3,22,24,1816,0.0,5.6192999999999795
273,DE_Balance,CH_Balance,2030,3,1,3,1889,-1.3659000000000001,0.0
274,DE_Balance,CH_Balance,2030,3,4,6,1890,-1.3659,0.0
275,DE_Balance,CH_Balance,2030,3,7,9,1891,-1.3659,0.0
276,DE_Balance,CH_Balance,2030,3,10,12,1892,-1.3659000000000001,0.0
277,DE_Balance,CH_Balance,2030,3,13,15,1893,-1.3659000000000001,0.0
278,DE_Balance,CH_Balance,2030,3,16,18,1894,-6.571165705666336,0.0
279,DE_Balance,CH_Balance,2030,3,19,21,1895,-9.40996570566633,0.0
280,DE_Balance,CH_Balance,2030,3,22,24,1896,-9.88229999999998,0.0
281,DE_Balance,LU_Balance,2030,3,1,3,1929,0.0,0.0
282,DE_Balance,LU_Balance,2030,3,4,6,1930,0.0,0.0
283,DE_Balance,LU_Balance,2030,3,7,9,1931,0.0,-0.0
284,DE_Balance,LU_Balance,2030,3,10,12,1932,0.0,-2.7755575615628914e-17
285,DE_Balance,LU_Balance,2030,3,13,15,1933,0.0,-0.0
286,DE_Balance,LU_Balance,2030,3,16,18,1934,0.0,0.0
287,DE_Balance,LU_Balance,2030,3,19,21,1935,0.0,0.0
288,DE_Balance,LU_Balance,2030,3,22,24,1936,0.0,0.0
289,NL_Balance,BE_Balance,2030,4,1,3,2409,0.0,0.0
290,NL_Balance,BE_Balance,2030,4,4,6,2410,0.0,0.0
291,NL_Balance,BE_Balance,2030,4,7,9,2411,0.0,0.0
292,NL_Balance,BE_Balance,2030,4,10,12,2412,0.0,1.0833
293,NL_Balance,BE_Balance,2030,4,13,15,2413,0.0,1.0833
294,NL_Balance,BE_Balance,2030,4,16,18,2414,0.0,0.3611
295,NL_Balance,BE_Balance,2030,4,19,21,2415,-0.3611,0.0
296,NL_Balance,BE_Balance,2030,4,22,24,2416,-1.0833,0.0
297,NL_Balance,DE_Balance,2030,4,1,3,2417,-1.0833,0.0
298,NL_Balance,DE_Balance,2030,4,4,6,2418,-1.0833,0.0
299,NL_Balance,DE_Balance,2030,4,7,9,2419,-0.7222000000000001,0.0
300,NL_Balance,DE_Balance,2030,4,10,12,2420,0.0,0.0
301,NL_Balance,DE_Balance,2030,4,13,15,2421,0.0,0.0
302,NL_Balance,DE_Balance,2030,4,16,18,2422,0.0,0.0
303,NL_Balance,DE_Balance,2030,4,19,21,2423,-0.3611,0.0
304,NL_Balance,DE_Balance,2030,4,22,24,2424,-1.0833,0.0
305,BE_Balance,FR_Balance,2030,4,1,3,2425,0.0,-0.0
306,BE_Balance,FR_Balance,2030,4,4,6,2426,0.0,0.0
307,BE_Balance,FR_Balance,2030,4,7,9,2427,0.0,0.0
308,BE_Balance,FR_Balance,2030,4,10,12,2428,0.0,-0.0
309,BE_Balance,FR_Balance,2030,4,13,15,2429,0.0,0.0
310,BE_Balance,FR_Balance,2030,4,16,18,2430,0.0,0.7222000000000001
311,BE_Balance,FR_Balance,2030,4,19,21,2431,0.0,1.0833
312,BE_Balance,FR_Balance,2030,4,22,24,2432,0.0,0.0
313,BE_Balance,DE_Balance,2030,4,1,3,2433,-1.0833,0.0
314,BE_Balance,DE_Balance,2030,4,4,6,2434,-1.0833,0.0
315,BE_Balance,DE_Balance,2030,4,7,9,2435,-0.7222000000000001,0.0
316,BE_Balance,DE_Balance,2030,4,10,12,2436,-1.0833,0.0
317,BE_Balance,DE_Balance,2030,4,13,15,2437,-1.0833,0.0
318,BE_Balance,DE_Balance,2030,4,16,18,2438,-0.3611,0.0
319,BE_Balance,DE_Balance,2030,4,19,21,2439,0.0,0.0
320,BE_Balance,DE_Balance,2030,4,22,24,2440,0.0,0.0
321,BE_Balance,LU_Balance,2030,4,1,3,2441,0.0,0.0
322,BE_Balance,LU_Balance,2030,4,4,6,2442,0.0,0.0
323,BE_Balance,LU_Balance,2030,4,7,9,2443,0.0,0.0
324,BE_Balance,LU_Balance,2030,4,10,12,2444,0.0,0.0
325,BE_Balance,LU_Balance,2030,4,13,15,2445,0.0,0.0
326,BE_Balance,LU_Balance,2030,4,16,18,2446,0.0,0.0
327,BE_Balance,LU_Balance,2030,4,19,21,2447,0.0,0.0
328,BE_Balance,LU_Balance,2030,4,22,24,2448,0.0,0.0
329,DE_Balance,FR_Balance,2030,4,1,3,2449,0.0,1.0833
330,DE_Balance,FR_Balance,2030,4,4,6,2450,0.0,1.0833
331,DE_Balance,FR_Balance,2030,4,7,9,2451,0.0,0.7222000000000001
332,DE_Balance,FR_Balance,2030,4,10,12,2452,0.0,1.0833
333,DE_Balance,FR_Balance,2030,4,13,15,2453,0.0,1.0833
334,DE_Balance,FR_Balance,2030,4,16,18,2454,0.0,1.0833
335,DE_Balance,FR_Balance,2030,4,19,21,2455,0.0,1.0833
336,DE_Balance,FR_Balance,2030,4,22,24,2456,0.0,0.0
337,DE_Balance,AT_Balance,2030,4,1,3,2457,0.0,0.0
338,DE_Balance,AT_Balance,2030,4,4,6,2458,0.0,0.0
339,DE_Balance,AT_Balance,2030,4,7,9,2459,0.0,0.0
340,DE_Balance,AT_Balance,2030,4,10,12,2460,0.0,0.0
341,DE_Balance,AT_Balance,2030,4,13,15,2461,0.0,-0.0
342,DE_Balance,AT_Balance,2030,4,16,18,2462,0.0,0.0
343,DE_Balance,AT_Balance,2030,4,19,21,2463,0.0,0.0
344,DE_Balance,AT_Balance,2030,4,22,24,2464,0.0,0.0
345,FR_Balance,CH_Balance,2030,4,1,3,2465,-1.0833,0.0
346,FR_Balance,CH_Balance,2030,4,4,6,2466,-1.0833,0.0
347,FR_Balance,CH_Balance,2030,4,7,9,2467,-0.7222000000000001,0.0
348,FR_Balance,CH_Balance,2030,4,10,12,2468,-1.0833,0.0
349,FR_Balance,CH_Balance,2030,4,13,15,2469,-1.0833,0.0
350,FR_Balance,CH_Balance,2030,4,16,18,2470,-1.0833,0.0
351,FR_Balance,CH_Balance,2030,4,19,21,2471,-1.0833,0.0
352,FR_Balance,CH_Balance,2030,4,22,24,2472,0.0,0.0
353,CH_Balance,AT_Balance,2030,4,1,3,2473,0.0,-0.0
354,CH_Balance,AT_Balance,2030,4,4,6,2474,0.0,-0.0
355,CH_Balance,AT_Balance,2030,4,7,9,2475,0.0,0.0
356,CH_Balance,AT_Balance,2030,4,10,12,2476,0.0,0.0
357,CH_Balance,AT_Balance,2030,4,13,15,2477,0.0,0.0
358,CH_Balance,AT_Balance,2030,4,16,18,2478,0.0,-0.0
359,CH_Balance,AT_Balance,2030,4,19,21,2479,0.0,0.0
360,CH_Balance,AT_Balance,2030,4,22,24,2480,0.0,-0.0
361,DE_Balance,LU_Balance,2030,4,1,3,2529,0.0,1.0833
362,DE_Balance,LU_Balance,2030,4,4,6,2530,0.0,1.0833
363,DE_Balance,LU_Balance,2030,4,7,9,2531,0.0,0.7222000000000001
364,DE_Balance,LU_Balance,2030,4,10,12,2532,0.0,1.0833
365,DE_Balance,LU_Balance,2030,4,13,15,2533,0.0,1.0833
366,DE_Balance,LU_Balance,2030,4,16,18,2534,0.0,0.3611
367,DE_Balance,LU_Balance,2030,4,19,21,2535,0.0,0.0
368,DE_Balance,LU_Balance,2030,4,22,24,2536,0.0,0.0
369,FR_Balance,LU_Balance,2030,4,1,3,2537,0.0,0.0
370,FR_Balance,LU_Balance,2030,4,4,6,2538,0.0,0.0
371,FR_Balance,LU_Balance,2030,4,7,9,2539,0.0,0.0
372,FR_Balance,LU_Balance,2030,4,10,12,2540,0.0,0.0
373,FR_Balance,LU_Balance,2030,4,13,15,2541,0.0,0.0
374,FR_Balance,LU_Balance,2030,4,16,18,2542,-0.7222000000000001,0.0
375,FR_Balance,LU_Balance,2030,4,19,21,2543,-1.0833,0.0
376,FR_Balance,LU_Balance,2030,4,22,24,2544,0.0,-0.0
377,DE_Balance,CH_Balance,2030,4,1,3,2553,0.0,0.0
378,DE_Balance,CH_Balance,2030,4,4,6,2554,0.0,0.0
379,DE_Balance,CH_Balance,2030,4,7,9,2555,0.0,0.0
380,DE_Balance,CH_Balance,2030,4,10,12,2556,0.0,0.0
381,DE_Balance,CH_Balance,2030,4,13,15,2557,0.0,-0.0
382,DE_Balance,CH_Balance,2030,4,16,18,2558,0.0,0.0
383,DE_Balance,CH_Balance,2030,4,19,21,2559,0.0,0.0
384,DE_Balance,CH_Balance,2030,4,22,24,2560,0.0,0.0
385,NL_Balance,BE_Balance,2030,5,1,3,3097,0.0,-0.0
386,NL_Balance,BE_Balance,2030,5,4,6,3098,0.0,0.0
387,NL_Balance,BE_Balance,2030,5,7,9,3099,0.0,0.0
388,NL_Balance,BE_Balance,2030,5,10,12,3100,0.0,-0.0
389,NL_Balance,BE_Balance,2030,5,13,15,3101,0.0,0.0
390,NL_Balance,BE_Balance,2030,5,16,18,3102,0.0,0.0
391,NL_Balance,BE_Balance,2030,5,19,21,3103,0.0,-0.0
392,NL_Balance,BE_Balance,2030,5,22,24,3104,0.0,0.0
393,BE_Balance,FR_Balance,2030,5,1,3,3105,0.0,0.0
394,BE_Balance,FR_Balance,2030,5,4,6,3106,0.0,0.0
395,BE_Balance,FR_Balance,2030,5,7,9,3107,0.0,0.0
396,BE_Balance,FR_Balance,2030,5,10,12,3108,0.0,0.0
397,BE_Balance,FR_Balance,2030,5,13,15,3109,0.0,-0.0
398,BE_Balance,FR_Balance,2030,5,16,18,3110,0.0,-0.0
399,BE_Balance,FR_Balance,2030,5,19,21,3111,0.0,-0.0
400,BE_Balance,FR_Balance,2030,5,22,24,3112,0.0,-0.0
401,BE_Balance,DE_Balance,2030,5,1,3,3113,0.0,0.0
402,BE_Balance,DE_Balance,2030,5,4,6,3114,0.0,-0.0
403,BE_Balance,DE_Balance,2030,5,7,9,3115,0.0,0.0
404,BE_Balance,DE_Balance,2030,5,10,12,3116,0.0,-0.0
405,BE_Balance,DE_Balance,2030,5,13,15,3117,0.0,-0.0
406,BE_Balance,DE_Balance,2030,5,16,18,3118,0.0,-0.0
407,BE_Balance,DE_Balance,2030,5,19,21,3119,0.0,0.0
408,BE_Balance,DE_Balance,2030,5,22,24,3120,0.0,0.0
409,BE_Balance,LU_Balance,2030,5,1,3,3121,0.0,0.0
410,BE_Balance,LU_Balance,2030,5,4,6,3122,0.0,-0.0
411,BE_Balance,LU_Balance,2030,5,7,9,3123,0.0,-0.0
412,BE_Balance,LU_Balance,2030,5,10,12,3124,0.0,0.0
413,BE_Balance,LU_Balance,2030,5,13,15,3125,0.0,0.0
414,BE_Balance,LU_Balance,2030,5,16,18,3126,0.0,-0.0
415,BE_Balance,LU_Balance,2030,5,19,21,3127,0.0,-0.0
416,BE_Balance,LU_Balance,2030,5,22,24,3128,0.0,0.0
417,DE_Balance,FR_Balance,2030,5,1,3,3129,0.0,-0.0
418,DE_Balance,FR_Balance,2030,5,4,6,3130,0.0,-0.0
419,DE_Balance,FR_Balance,2030,5,7,9,3131,0.0,0.0
420,DE_Balance,FR_Balance,2030,5,10,12,3132,0.0,-0.0
421,DE_Balance,FR_Balance,2030,5,13,15,3133,0.0,0.0
422,DE_Balance,FR_Balance,2030,5,16,18,3134,0.0,-0.0
423,DE_Balance,FR_Balance,2030,5,19,21,3135,0.0,-0.0
424,DE_Balance,FR_Balance,2030,5,22,24,3136,0.0,-0.0
425,DE_Balance,CH_Balance,2030,5,1,3,3137,-2.4492000000000003,0.0
426,DE_Balance,CH_Balance,2030,5,4,6,3138,-2.4492000000000003,0.0
427,DE_Balance,CH_Balance,2030,5,7,9,3139,-2.4492000000000003,0.0
428,DE_Balance,CH_Balance,2030,5,10,12,3140,-2.4492000000000003,0.0
429,DE_Balance,CH_Balance,2030,5,13,15,3141,-2.4492000000000003,0.0
430,DE_Balance,CH_Balance,2030,5,16,18,3142,-2.4492000000000003,0.0
431,DE_Balance,CH_Balance,2030,5,19,21,3143,-2.4492000000000003,0.0
432,DE_Balance,CH_Balance,2030,5,22,24,3144,-2.4492000000000003,0.0
433,DE_Balance,LU_Balance,2030,5,1,3,3145,0.0,0.0
434,DE_Balance,LU_Balance,2030,5,4,6,3146,0.0,0.0
435,DE_Balance,LU_Balance,2030,5,7,9,3147,0.0,0.0
436,DE_Balance,LU_Balance,2030,5,10,12,3148,0.0,0.0
437,DE_Balance,LU_Balance,2030,5,13,15,3149,0.0,0.0
438,DE_Balance,LU_Balance,2030,5,16,18,3150,0.0,0.0
439,DE_Balance,LU_Balance,2030,5,19,21,3151,0.0,0.0
440,DE_Balance,LU_Balance,2030,5,22,24,3152,0.0,0.0
441,FR_Balance,CH_Balance,2030,5,1,3,3153,-2.4492000000000003,0.0
442,FR_Balance,CH_Balance,2030,5,4,6,3154,-2.4492000000000003,0.0
443,FR_Balance,CH_Balance,2030,5,7,9,3155,-2.4492000000000003,0.0
444,FR_Balance,CH_Balance,2030,5,10,12,3156,-2.4492000000000003,0.0
445,FR_Balance,CH_Balance,2030,5,13,15,3157,-2.4492000000000003,0.0
446,FR_Balance,CH_Balance,2030,5,16,18,3158,-2.4492000000000003,0.0
447,FR_Balance,CH_Balance,2030,5,19,21,3159,-2.4492000000000003,0.0
448,FR_Balance,CH_Balance,2030,5,22,24,3160,-2.4492000000000003,0.0
449,FR_Balance,LU_Balance,2030,5,1,3,3161,0.0,-0.0
450,FR_Balance,LU_Balance,2030,5,4,6,3162,0.0,0.0
451,FR_Balance,LU_Balance,2030,5,7,9,3163,0.0,0.0
452,FR_Balance,LU_Balance,2030,5,10,12,3164,0.0,-0.0
453,FR_Balance,LU_Balance,2030,5,13,15,3165,0.0,-0.0
454,FR_Balance,LU_Balance,2030,5,16,18,3166,0.0,0.0
455,FR_Balance,LU_Balance,2030,5,19,21,3167,0.0,0.0
456,FR_Balance,LU_Balance,2030,5,22,24,3168,0.0,-0.0
457,CH_Balance,AT_Balance,2030,5,1,3,3209,0.0,2.4492000000000003
458,CH_Balance,AT_Balance,2030,5,4,6,3210,0.0,2.4492000000000003
459,CH_Balance,AT_Balance,2030,5,7,9,3211,0.0,2.4492000000000003
460,CH_Balance,AT_Balance,2030,5,10,12,3212,0.0,2.4492000000000003
461,CH_Balance,AT_Balance,2030,5,13,15,3213,0.0,2.4492000000000003
462,CH_Balance,AT_Balance,2030,5,16,18,3214,0.0,2.4492000000000003
463,CH_Balance,AT_Balance,2030,5,19,21,3215,0.0,2.4492000000000003
464,CH_Balance,AT_Balance,2030,5,22,24,3216,0.0,2.4492000000000003
465,NL_Balance,DE_Balance,2030,5,1,3,3217,0.0,-0.0
466,NL_Balance,DE_Balance,2030,5,4,6,3218,0.0,0.0
467,NL_Balance,DE_Balance,2030,5,7,9,3219,0.0,0.0
468,NL_Balance,DE_Balance,2030,5,10,12,3220,0.0,0.0
469,NL_Balance,DE_Balance,2030,5,13,15,3221,0.0,0.0
470,NL_Balance,DE_Balance,2030,5,16,18,3222,0.0,-0.0
471,NL_Balance,DE_Balance,2030,5,19,21,3223,0.0,0.0
472,NL_Balance,DE_Balance,2030,5,22,24,3224,0.0,-0.0
473,DE_Balance,AT_Balance,2030,5,1,3,3241,0.0,0.0
474,DE_Balance,AT_Balance,2030,5,4,6,3242,0.0,0.0
475,DE_Balance,AT_Balance,2030,5,7,9,3243,0.0,0.0
476,DE_Balance,AT_Balance,2030,5,10,12,3244,0.0,0.0
477,DE_Balance,AT_Balance,2030,5,13,15,3245,0.0,0.0
478,DE_Balance,AT_Balance,2030,5,16,18,3246,0.0,0.0
479,DE_Balance,AT_Balance,2030,5,19,21,3247,0.0,0.0
480,DE_Balance,AT_Balance,2030,5,22,24,3248,0.0,-0.0
481,NL_Balance,BE_Balance,2030,6,1,3,3737,0.0,0.0
482,NL_Balance,BE_Balance,2030,6,4,6,3738,0.0,-0.0
483,NL_Balance,BE_Balance,2030,6,7,9,3739,0.0,0.0
484,NL_Balance,BE_Balance,2030,6,10,12,3740,0.0,-0.0
485,NL_Balance,BE_Balance,2030,6,13,15,3741,0.0,-0.0
486,NL_Balance,BE_Balance,2030,6,16,18,3742,0.0,-0.0
487,NL_Balance,BE_Balance,2030,6,19,21,3743,0.0,0.0
488,NL_Balance,BE_Balance,2030,6,22,24,3744,0.0,0.0
489,NL_Balance,DE_Balance,2030,6,1,3,3745,0.0,-0.0
490,NL_Balance,DE_Balance,2030,6,4,6,3746,0.0,0.0
491,NL_Balance,DE_Balance,2030,6,7,9,3747,0.0,-0.0
492,NL_Balance,DE_Balance,2030,6,10,12,3748,0.0,-0.0
493,NL_Balance,DE_Balance,2030,6,13,15,3749,0.0,-0.0
494,NL_Balance,DE_Balance,2030,6,16,18,3750,0.0,0.0
495,NL_Balance,DE_Balance,2030,6,19,21,3751,0.0,0.0
496,NL_Balance,DE_Balance,2030,6,22,24,3752,0.0,-0.0
497,BE_Balance,FR_Balance,2030,6,1,3,3753,0.0,0.8478
498,BE_Balance,FR_Balance,2030,6,4,6,3754,0.0,0.8478
499,BE_Balance,FR_Balance,2030,6,7,9,3755,0.0,0.0
500,BE_Balance,FR_Balance,2030,6,10,12,3756,0.0,-0.0
501,BE_Balance,FR_Balance,2030,6,13,15,3757,0.0,0.8478
502,BE_Balance,FR_Balance,2030,6,16,18,3758,0.0,0.8478
503,BE_Balance,FR_Balance,2030,6,19,21,3759,0.0,0.8478
504,BE_Balance,FR_Balance,2030,6,22,24,3760,0.0,0.0
505,BE_Balance,DE_Balance,2030,6,1,3,3761,0.0,-0.0
506,BE_Balance,DE_Balance,2030,6,4,6,3762,0.0,-0.0
507,BE_Balance,DE_Balance,2030,6,7,9,3763,0.0,-0.0
508,BE_Balance,DE_Balance,2030,6,10,12,3764,0.0,-0.0
509,BE_Balance,DE_Balance,2030,6,13,15,3765,0.0,0.0
510,BE_Balance,DE_Balance,2030,6,16,18,3766,0.0,0.0
511,BE_Balance,DE_Balance,2030,6,19,21,3767,0.0,0.0
512,BE_Balance,DE_Balance,2030,6,22,24,3768,0.0,-0.0
513,BE_Balance,LU_Balance,2030,6,1,3,3769,0.0,0.0
514,BE_Balance,LU_Balance,2030,6,4,6,3770,0.0,0.0
515,BE_Balance,LU_Balance,2030,6,7,9,3771,0.0,-0.0
516,BE_Balance,LU_Balance,2030,6,10,12,3772,0.0,0.0
517,BE_Balance,LU_Balance,2030,6,13,15,3773,0.0,0.5660999999999987
518,BE_Balance,LU_Balance,2030,6,16,18,3774,0.0,0.0
519,BE_Balance,LU_Balance,2030,6,19,21,3775,0.0,-0.0
520,BE_Balance,LU_Balance,2030,6,22,24,3776,0.0,0.0
521,DE_Balance,FR_Balance,2030,6,1,3,3777,0.0,0.8478
522,DE_Balance,FR_Balance,2030,6,4,6,3778,0.0,0.8478
523,DE_Balance,FR_Balance,2030,6,7,9,3779,0.0,-0.0
524,DE_Balance,FR_Balance,2030,6,10,12,3780,0.0,-0.0
525,DE_Balance,FR_Balance,2030,6,13,15,3781,0.0,0.8478
526,DE_Balance,FR_Balance,2030,6,16,18,3782,0.0,0.8478
527,DE_Balance,FR_Balance,2030,6,19,21,3783,0.0,0.8478
528,DE_Balance,FR_Balance,2030,6,22,24,3784,0.0,0.0
529,DE_Balance,AT_Balance,2030,6,1,3,3785,0.0,-0.0
530,DE_Balance,AT_Balance,2030,6,4,6,3786,0.0,-0.0
531,DE_Balance,AT_Balance,2030,6,7,9,3787,0.0,-0.0
532,DE_Balance,AT_Balance,2030,6,10,12,3788,0.0,0.0
533,DE_Balance,AT_Balance,2030,6,13,15,3789,0.0,-0.0
534,DE_Balance,AT_Balance,2030,6,16,18,3790,0.0,-0.0
535,DE_Balance,AT_Balance,2030,6,19,21,3791,0.0,0.0
536,DE_Balance,AT_Balance,2030,6,22,24,3792,0.0,0.0
537,DE_Balance,LU_Balance,2030,6,1,3,3793,0.0,-0.0
538,DE_Balance,LU_Balance,2030,6,4,6,3794,0.0,0.0
539,DE_Balance,LU_Balance,2030,6,7,9,3795,0.0,0.0
540,DE_Balance,LU_Balance,2030,6,10,12,3796,0.0,-0.0
541,DE_Balance,LU_Balance,2030,6,13,15,3797,0.0,0.5660999999999987
542,DE_Balance,LU_Balance,2030,6,16,18,3798,0.0,-0.0
543,DE_Balance,LU_Balance,2030,6,19,21,3799,0.0,0.0
544,DE_Balance,LU_Balance,2030,6,22,24,3800,0.0,0.0
545,FR_Balance,CH_Balance,2030,6,1,3,3801,-0.8478,0.0
546,FR_Balance,CH_Balance,2030,6,4,6,3802,-0.8478,0.0
547,FR_Balance,CH_Balance,2030,6,7,9,3803,0.0,0.0
548,FR_Balance,CH_Balance,2030,6,10,12,3804,0.0,-0.0
549,FR_Balance,CH_Balance,2030,6,13,15,3805,-0.8478,0.0
550,FR_Balance,CH_Balance,2030,6,16,18,3806,-0.8478,0.0
551,FR_Balance,CH_Balance,2030,6,19,21,3807,-0.8478,0.0
552,FR_Balance,CH_Balance,2030,6,22,24,3808,0.0,0.0
553,FR_Balance,LU_Balance,2030,6,1,3,3809,-0.8478,0.0
554,FR_Balance,LU_Balance,2030,6,4,6,3810,-0.8478,0.0
555,FR_Balance,LU_Balance,2030,6,7,9,3811,0.0,0.0
556,FR_Balance,LU_Balance,2030,6,10,12,3812,0.0,0.0
557,FR_Balance,LU_Balance,2030,6,13,15,3813,-0.2817000000000013,0.0
558,FR_Balance,LU_Balance,2030,6,16,18,3814,-0.8478,0.0
559,FR_Balance,LU_Balance,2030,6,19,21,3815,-0.8478,0.0
560,FR_Balance,LU_Balance,2030,6,22,24,3816,0.0,-0.0
561,CH_Balance,AT_Balance,2030,6,1,3,3817,0.0,-0.0
562,CH_Balance,AT_Balance,2030,6,4,6,3818,0.0,-0.0
563,CH_Balance,AT_Balance,2030,6,7,9,3819,0.0,0.0
564,CH_Balance,AT_Balance,2030,6,10,12,3820,0.0,-0.0
565,CH_Balance,AT_Balance,2030,6,13,15,3821,0.0,0.0
566,CH_Balance,AT_Balance,2030,6,16,18,3822,0.0,0.0
567,CH_Balance,AT_Balance,2030,6,19,21,3823,0.0,-0.0
568,CH_Balance,AT_Balance,2030,6,22,24,3824,0.0,-0.0
569,DE_Balance,CH_Balance,2030,6,1,3,3873,0.0,-0.0
570,DE_Balance,CH_Balance,2030,6,4,6,3874,0.0,0.0
571,DE_Balance,CH_Balance,2030,6,7,9,3875,0.0,0.0
572,DE_Balance,CH_Balance,2030,6,10,12,3876,0.0,-0.0
573,DE_Balance,CH_Balance,2030,6,13,15,3877,0.0,-0.0
574,DE_Balance,CH_Balance,2030,6,16,18,3878,0.0,-0.0
575,DE_Balance,CH_Balance,2030,6,19,21,3879,0.0,0.0
576,DE_Balance,CH_Balance,2030,6,22,24,3880,0.0,0.0
577,NL_Balance,BE_Balance,2030,7,1,3,4369,0.0,0.0
578,NL_Balance,BE_Balance,2030,7,4,6,4370,-1.6983000000000001,0.0
579,NL_Balance,BE_Balance,2030,7,7,9,4371,-1.6982999999999997,0.0
580,NL_Balance,BE_Balance,2030,7,10,12,4372,0.0,0.0
581,NL_Balance,BE_Balance,2030,7,13,15,4373,0.0,-0.0
582,NL_Balance,BE_Balance,2030,7,16,18,4374,0.0,0.5661000000000005
583,NL_Balance,BE_Balance,2030,7,19,21,4375,0.0,0.0
584,NL_Balance,BE_Balance,2030,7,22,24,4376,0.0,0.0
585,NL_Balance,DE_Balance,2030,7,1,3,4377,0.0,0.0
586,NL_Balance,DE_Balance,2030,7,4,6,4378,-1.6983000000000001,0.0
587,NL_Balance,DE_Balance,2030,7,7,9,4379,0.0,0.0
588,NL_Balance,DE_Balance,2030,7,10,12,4380,0.0,5.094900000000003
589,NL_Balance,DE_Balance,2030,7,13,15,4381,0.0,1.6983000000000001
590,NL_Balance,DE_Balance,2030,7,16,18,4382,0.0,0.5661000000000005
591,NL_Balance,DE_Balance,2030,7,19,21,4383,0.0,0.0
592,NL_Balance,DE_Balance,2030,7,22,24,4384,0.0,0.0
593,BE_Balance,FR_Balance,2030,7,1,3,4385,0.0,0.0
594,BE_Balance,FR_Balance,2030,7,4,6,4386,0.0,0.0
595,BE_Balance,FR_Balance,2030,7,7,9,4387,0.0,0.0
596,BE_Balance,FR_Balance,2030,7,10,12,4388,1.7763568394002505e-15,0.0
597,BE_Balance,FR_Balance,2030,7,13,15,4389,0.0,0.0
598,BE_Balance,FR_Balance,2030,7,16,18,4390,0.0,-0.0
599,BE_Balance,FR_Balance,2030,7,19,21,4391,-5.515615705666335,0.0
600,BE_Balance,FR_Balance,2030,7,22,24,4392,-18.245147116999004,0.0
601,BE_Balance,DE_Balance,2030,7,1,3,4393,0.0,-0.0
602,BE_Balance,DE_Balance,2030,7,4,6,4394,0.0,-0.0
603,BE_Balance,DE_Balance,2030,7,7,9,4395,0.0,1.6982999999999997
604,BE_Balance,DE_Balance,2030,7,10,12,4396,0.0,5.094900000000003
605,BE_Balance,DE_Balance,2030,7,13,15,4397,0.0,1.6983000000000001
606,BE_Balance,DE_Balance,2030,7,16,18,4398,0.0,0.0
607,BE_Balance,DE_Balance,2030,7,19,21,4399,0.0,0.0
608,BE_Balance,DE_Balance,2030,7,22,24,4400,0.0,-0.0
609,DE_Balance,FR_Balance,2030,7,1,3,4401,0.0,-0.0
610,DE_Balance,FR_Balance,2030,7,4,6,4402,0.0,-0.0
611,DE_Balance,FR_Balance,2030,7,7,9,4403,-1.6982999999999997,0.0
612,DE_Balance,FR_Balance,2030,7,10,12,4404,-5.094900000000001,0.0
613,DE_Balance,FR_Balance,2030,7,13,15,4405,-1.6983000000000001,0.0
614,DE_Balance,FR_Balance,2030,7,16,18,4406,0.0,-0.0
615,DE_Balance,FR_Balance,2030,7,19,21,4407,-5.515615705666335,0.0
616,DE_Balance,FR_Balance,2030,7,22,24,4408,-18.245147116999004,0.0
617,DE_Balance,CH_Balance,2030,7,1,3,4409,0.0,0.0
618,DE_Balance,CH_Balance,2030,7,4,6,4410,0.0,0.0
619,DE_Balance,CH_Balance,2030,7,7,9,4411,0.0,0.0
620,DE_Balance,CH_Balance,2030,7,10,12,4412,0.0,1.6983000000000001
621,DE_Balance,CH_Balance,2030,7,13,15,4413,0.0,-0.0
622,DE_Balance,CH_Balance,2030,7,16,18,4414,0.0,3.6962999999999995
623,DE_Balance,CH_Balance,2030,7,19,21,4415,0.0,0.0
624,DE_Balance,CH_Balance,2030,7,22,24,4416,0.0,0.0
625,DE_Balance,AT_Balance,2030,7,1,3,4417,0.0,-0.0
626,DE_Balance,AT_Balance,2030,7,4,6,4418,0.0,1.6983000000000001
627,DE_Balance,AT_Balance,2030,7,7,9,4419,0.0,0.0
628,DE_Balance,AT_Balance,2030,7,10,12,4420,0.0,1.6983000000000001
629,DE_Balance,AT_Balance,2030,7,13,15,4421,0.0,-0.0
630,DE_Balance,AT_Balance,2030,7,16,18,4422,0.0,3.6962999999999995
631,DE_Balance,AT_Balance,2030,7,19,21,4423,0.0,0.0
632,DE_Balance,AT_Balance,2030,7,22,24,4424,0.0,-0.0
633,DE_Balance,LU_Balance,2030,7,1,3,4425,0.0,0.0
634,DE_Balance,LU_Balance,2030,7,4,6,4426,0.0,0.0
635,DE_Balance,LU_Balance,2030,7,7,9,4427,-1.6982999999999997,0.0
636,DE_Balance,LU_Balance,2030,7,10,12,4428,-5.094900000000003,0.0
637,DE_Balance,LU_Balance,2030,7,13,15,4429,0.0,0.0
638,DE_Balance,LU_Balance,2030,7,16,18,4430,0.0,0.0
639,DE_Balance,LU_Balance,2030,7,19,21,4431,0.0,0.0
640,DE_Balance,LU_Balance,2030,7,22,24,4432,0.0,0.0
641,FR_Balance,CH_Balance,2030,7,1,3,4433,0.0,0.0
642,FR_Balance,CH_Balance,2030,7,4,6,4434,0.0,0.0
643,FR_Balance,CH_Balance,2030,7,7,9,4435,0.0,1.6982999999999997
644,FR_Balance,CH_Balance,2030,7,10,12,4436,0.0,6.793200000000001
645,FR_Balance,CH_Balance,2030,7,13,15,4437,0.0,1.6983000000000001
646,FR_Balance,CH_Balance,2030,7,16,18,4438,0.0,3.6962999999999995
647,FR_Balance,CH_Balance,2030,7,19,21,4439,0.0,5.515615705666335
648,FR_Balance,CH_Balance,2030,7,22,24,4440,0.0,18.245147116999004
649,FR_Balance,LU_Balance,2030,7,1,3,4441,0.0,0.0
650,FR_Balance,LU_Balance,2030,7,4,6,4442,0.0,0.0
651,FR_Balance,LU_Balance,2030,7,7,9,4443,0.0,0.0
652,FR_Balance,LU_Balance,2030,7,10,12,4444,0.0,-1.7763568394002505e-15
653,FR_Balance,LU_Balance,2030,7,13,15,4445,0.0,1.6983000000000001
654,FR_Balance,LU_Balance,2030,7,16,18,4446,0.0,0.0
655,FR_Balance,LU_Balance,2030,7,19,21,4447,0.0,5.515615705666335
656,FR_Balance,LU_Balance,2030,7,22,24,4448,0.0,18.245147116999004
657,CH_Balance,AT_Balance,2030,7,1,3,4449,0.0,-0.0
658,CH_Balance,AT_Balance,2030,7,4,6,4450,0.0,1.6983000000000001
659,CH_Balance,AT_Balance,2030,7,7,9,4451,0.0,-0.0
660,CH_Balance,AT_Balance,2030,7,10,12,4452,0.0,0.0
661,CH_Balance,AT_Balance,2030,7,13,15,4453,0.0,0.0
662,CH_Balance,AT_Balance,2030,7,16,18,4454,0.0,0.0
663,CH_Balance,AT_Balance,2030,7,19,21,4455,0.0,-0.0
664,CH_Balance,AT_Balance,2030,7,22,24,4456,0.0,-0.0
665,BE_Balance,LU_Balance,2030,7,1,3,4529,0.0,0.0
666,BE_Balance,LU_Balance,2030,7,4,6,4530,0.0,0.0
667,BE_Balance,LU_Balance,2030,7,7,9,4531,0.0,0.0
668,BE_Balance,LU_Balance,2030,7,10,12,4532,0.0,0.0
669,BE_Balance,LU_Balance,2030,7,13,15,4533,0.0,1.6983000000000001
670,BE_Balance,LU_Balance,2030,7,16,18,4534,0.0,0.0
671,BE_Balance,LU_Balance,2030,7,19,21,4535,0.0,0.0
672,BE_Balance,LU_Balance,2030,7,22,24,4536,0.0,0.0
673,NL_Balance,BE_Balance,2030,8,1,3,5025,0.0,0.0
674,NL_Balance,BE_Balance,2030,8,4,6,5026,0.0,-0.0
675,NL_Balance,BE_Balance,2030,8,7,9,5027,0.0,0.0
676,NL_Balance,BE_Balance,2030,8,10,12,5028,0.0,-0.0
677,NL_Balance,BE_Balance,2030,8,13,15,5029,0.0,-0.0
678,NL_Balance,BE_Balance,2030,8,16,18,5030,0.0,-0.0
679,NL_Balance,BE_Balance,2030,8,19,21,5031,0.0,0.0
680,NL_Balance,BE_Balance,2030,8,22,24,5032,0.0,-0.0
681,NL_Balance,DE_Balance,2030,8,1,3,5033,0.0,0.0
682,NL_Balance,DE_Balance,2030,8,4,6,5034,0.0,0.0
683,NL_Balance,DE_Balance,2030,8,7,9,5035,0.0,0.0
684,NL_Balance,DE_Balance,2030,8,10,12,5036,0.0,-0.0
685,NL_Balance,DE_Balance,2030,8,13,15,5037,0.0,-0.0
686,NL_Balance,DE_Balance,2030,8,16,18,5038,0.0,0.0
687,NL_Balance,DE_Balance,2030,8,19,21,5039,-1.4601000000000002,0.0
688,NL_Balance,DE_Balance,2030,8,22,24,5040,0.0,-0.0
689,BE_Balance,FR_Balance,2030,8,1,3,5041,0.0,-0.0
690,BE_Balance,FR_Balance,2030,8,4,6,5042,0.0,0.0
691,BE_Balance,FR_Balance,2030,8,7,9,5043,0.0,0.0
692,BE_Balance,FR_Balance,2030,8,10,12,5044,0.0,-0.0
693,BE_Balance,FR_Balance,2030,8,13,15,5045,0.0,-0.0
694,BE_Balance,FR_Balance,2030,8,16,18,5046,0.0,-0.0
695,BE_Balance,FR_Balance,2030,8,19,21,5047,0.0,-0.0
696,BE_Balance,FR_Balance,2030,8,22,24,5048,0.0,-0.0
697,BE_Balance,DE_Balance,2030,8,1,3,5049,0.0,-0.0
698,BE_Balance,DE_Balance,2030,8,4,6,5050,0.0,0.0
699,BE_Balance,DE_Balance,2030,8,7,9,5051,0.0,0.0
700,BE_Balance,DE_Balance,2030,8,10,12,5052,0.0,-0.0
701,BE_Balance,DE_Balance,2030,8,13,15,5053,0.0,-0.0
702,BE_Balance,DE_Balance,2030,8,16,18,5054,0.0,0.0
703,BE_Balance,DE_Balance,2030,8,19,21,5055,-1.4601000000000002,0.0
704,BE_Balance,DE_Balance,2030,8,22,24,5056,0.0,0.0
705,BE_Balance,LU_Balance,2030,8,1,3,5057,0.0,0.0
706,BE_Balance,LU_Balance,2030,8,4,6,5058,0.0,0.0
707,BE_Balance,LU_Balance,2030,8,7,9,5059,0.0,0.0
708,BE_Balance,LU_Balance,2030,8,10,12,5060,0.0,0.0
709,BE_Balance,LU_Balance,2030,8,13,15,5061,0.0,-0.0
710,BE_Balance,LU_Balance,2030,8,16,18,5062,0.0,0.0
711,BE_Balance,LU_Balance,2030,8,19,21,5063,0.0,0.0
712,BE_Balance,LU_Balance,2030,8,22,24,5064,0.0,0.0
713,DE_Balance,FR_Balance,2030,8,1,3,5065,0.0,-0.0
714,DE_Balance,FR_Balance,2030,8,4,6,5066,0.0,0.0
715,DE_Balance,FR_Balance,2030,8,7,9,5067,0.0,0.0
716,DE_Balance,FR_Balance,2030,8,10,12,5068,0.0,0.0
717,DE_Balance,FR_Balance,2030,8,13,15,5069,0.0,-0.0
718,DE_Balance,FR_Balance,2030,8,16,18,5070,0.0,-0.0
719,DE_Balance,FR_Balance,2030,8,19,21,5071,0.0,1.4601000000000002
720,DE_Balance,FR_Balance,2030,8,22,24,5072,0.0,0.0
721,DE_Balance,AT_Balance,2030,8,1,3,5073,0.0,0.0
722,DE_Balance,AT_Balance,2030,8,4,6,5074,-1.4601000000000002,0.0
723,DE_Balance,AT_Balance,2030,8,7,9,5075,-1.9468,0.0
724,DE_Balance,AT_Balance,2030,8,10,12,5076,-1.4601000000000002,0.0
725,DE_Balance,AT_Balance,2030,8,13,15,5077,-1.4601,0.0
726,DE_Balance,AT_Balance,2030,8,16,18,5078,-1.4601,0.0
727,DE_Balance,AT_Balance,2030,8,19,21,5079,0.0,0.0
728,DE_Balance,AT_Balance,2030,8,22,24,5080,-1.4601000000000002,0.0
729,DE_Balance,LU_Balance,2030,8,1,3,5081,0.0,-0.0
730,DE_Balance,LU_Balance,2030,8,4,6,5082,0.0,0.0
731,DE_Balance,LU_Balance,2030,8,7,9,5083,0.0,-0.0
732,DE_Balance,LU_Balance,2030,8,10,12,5084,0.0,-0.0
733,DE_Balance,LU_Balance,2030,8,13,15,5085,0.0,-0.0
734,DE_Balance,LU_Balance,2030,8,16,18,5086,0.0,-0.0
735,DE_Balance,LU_Balance,2030,8,19,21,5087,0.0,1.4601000000000002
736,DE_Balance,LU_Balance,2030,8,22,24,5088,0.0,0.0
737,FR_Balance,CH_Balance,2030,8,1,3,5089,-1.4601000000000002,0.0
738,FR_Balance,CH_Balance,2030,8,4,6,5090,-1.4601000000000002,0.0
739,FR_Balance,CH_Balance,2030,8,7,9,5091,-1.9468,0.0
740,FR_Balance,CH_Balance,2030,8,10,12,5092,0.0,0.0
741,FR_Balance,CH_Balance,2030,8,13,15,5093,0.0,0.0
742,FR_Balance,CH_Balance,2030,8,16,18,5094,-0.9734000000000003,0.0
743,FR_Balance,CH_Balance,2030,8,19,21,5095,-1.4601000000000002,0.0
744,FR_Balance,CH_Balance,2030,8,22,24,5096,-1.4601000000000002,0.0
745,FR_Balance,LU_Balance,2030,8,1,3,5097,0.0,0.0
746,FR_Balance,LU_Balance,2030,8,4,6,5098,0.0,-0.0
747,FR_Balance,LU_Balance,2030,8,7,9,5099,0.0,0.0
748,FR_Balance,LU_Balance,2030,8,10,12,5100,0.0,-0.0
749,FR_Balance,LU_Balance,2030,8,13,15,5101,0.0,0.0
750,FR_Balance,LU_Balance,2030,8,16,18,5102,0.0,0.0
751,FR_Balance,LU_Balance,2030,8,19,21,5103,0.0,0.0
752,FR_Balance,LU_Balance,2030,8,22,24,5104,0.0,-0.0
753,DE_Balance,CH_Balance,2030,8,1,3,5145,-1.4601000000000002,0.0
754,DE_Balance,CH_Balance,2030,8,4,6,5146,-1.4601000000000002,0.0
755,DE_Balance,CH_Balance,2030,8,7,9,5147,-1.9468,0.0
756,DE_Balance,CH_Balance,2030,8,10,12,5148,0.0,0.0
757,DE_Balance,CH_Balance,2030,8,13,15,5149,0.0,-0.0
758,DE_Balance,CH_Balance,2030,8,16,18,5150,-0.9734000000000003,0.0
759,DE_Balance,CH_Balance,2030,8,19,21,5151,0.0,0.0
760,DE_Balance,CH_Balance,2030,8,22,24,5152,-1.4601000000000002,0.0
761,CH_Balance,AT_Balance,2030,8,1,3,5169,0.0,1.4601000000000002
762,CH_Balance,AT_Balance,2030,8,4,6,5170,0.0,-0.0
763,CH_Balance,AT_Balance,2030,8,7,9,5171,0.0,0.0
764,CH_Balance,AT_Balance,2030,8,10,12,5172,-1.4601000000000002,0.0
765,CH_Balance,AT_Balance,2030,8,13,15,5173,-1.4601,0.0
766,CH_Balance,AT_Balance,2030,8,16,18,5174,-0.4866999999999997,0.0
767,CH_Balance,AT_Balance,2030,8,19,21,5175,0.0,0.0
768,CH_Balance,AT_Balance,2030,8,22,24,5176,0.0,-0.0
769,NL_Balance,BE_Balance,2030,9,1,3,5641,0.0,-0.0
770,NL_Balance,BE_Balance,2030,9,4,6,5642,0.0,-0.0
771,NL_Balance,BE_Balance,2030,9,7,9,5643,0.0,0.0
772,NL_Balance,BE_Balance,2030,9,10,12,5644,0.0,-0.0
773,NL_Balance,BE_Balance,2030,9,13,15,5645,0.0,-0.0
774,NL_Balance,BE_Balance,2030,9,16,18,5646,0.0,0.0
775,NL_Balance,BE_Balance,2030,9,19,21,5647,0.0,0.0
776,NL_Balance,BE_Balance,2030,9,22,24,5648,0.0,0.0
777,NL_Balance,DE_Balance,2030,9,1,3,5649,0.0,-0.0
778,NL_Balance,DE_Balance,2030,9,4,6,5650,0.0,-0.0
779,NL_Balance,DE_Balance,2030,9,7,9,5651,0.0,0.0
780,NL_Balance,DE_Balance,2030,9,10,12,5652,0.0,0.0
781,NL_Balance,DE_Balance,2030,9,13,15,5653,0.0,-0.0
782,NL_Balance,DE_Balance,2030,9,16,18,5654,0.0,0.0
783,NL_Balance,DE_Balance,2030,9,19,21,5655,0.0,0.0
784,NL_Balance,DE_Balance,2030,9,22,24,5656,0.0,0.0
785,BE_Balance,FR_Balance,2030,9,1,3,5657,0.0,-0.0
786,BE_Balance,FR_Balance,2030,9,4,6,5658,0.0,0.0
787,BE_Balance,FR_Balance,2030,9,7,9,5659,0.0,0.0
788,BE_Balance,FR_Balance,2030,9,10,12,5660,0.0,0.0
789,BE_Balance,FR_Balance,2030,9,13,15,5661,0.0,0.0
790,BE_Balance,FR_Balance,2030,9,16,18,5662,0.0,1.3502
791,BE_Balance,FR_Balance,2030,9,19,21,5663,0.0,0.0
792,BE_Balance,FR_Balance,2030,9,22,24,5664,0.0,0.0
793,BE_Balance,DE_Balance,2030,9,1,3,5665,0.0,-0.0
794,BE_Balance,DE_Balance,2030,9,4,6,5666,0.0,0.0
795,BE_Balance,DE_Balance,2030,9,7,9,5667,0.0,0.0
796,BE_Balance,DE_Balance,2030,9,10,12,5668,0.0,-0.0
797,BE_Balance,DE_Balance,2030,9,13,15,5669,0.0,-0.0
798,BE_Balance,DE_Balance,2030,9,16,18,5670,0.0,0.0
799,BE_Balance,DE_Balance,2030,9,19,21,5671,0.0,0.0
800,BE_Balance,DE_Balance,2030,9,22,24,5672,0.0,-0.0
801,DE_Balance,FR_Balance,2030,9,1,3,5673,0.0,0.0
802,DE_Balance,FR_Balance,2030,9,4,6,5674,0.0,-0.0
803,DE_Balance,FR_Balance,2030,9,7,9,5675,0.0,0.0
804,DE_Balance,FR_Balance,2030,9,10,12,5676,0.0,0.0
805,DE_Balance,FR_Balance,2030,9,13,15,5677,0.0,-0.0
806,DE_Balance,FR_Balance,2030,9,16,18,5678,0.0,1.3502
807,DE_Balance,FR_Balance,2030,9,19,21,5679,0.0,0.0
808,DE_Balance,FR_Balance,2030,9,22,24,5680,0.0,0.0
809,DE_Balance,CH_Balance,2030,9,1,3,5681,-2.0253,0.0
810,DE_Balance,CH_Balance,2030,9,4,6,5682,-2.0253,0.0
811,DE_Balance,CH_Balance,2030,9,7,9,5683,-1.3502,0.0
812,DE_Balance,CH_Balance,2030,9,10,12,5684,0.0,0.0
813,DE_Balance,CH_Balance,2030,9,13,15,5685,0.0,0.0
814,DE_Balance,CH_Balance,2030,9,16,18,5686,0.0,0.0
815,DE_Balance,CH_Balance,2030,9,19,21,5687,0.0,0.0
816,DE_Balance,CH_Balance,2030,9,22,24,5688,0.0,0.0
817,DE_Balance,LU_Balance,2030,9,1,3,5689,0.0,0.0
818,DE_Balance,LU_Balance,2030,9,4,6,5690,0.0,0.0
819,DE_Balance,LU_Balance,2030,9,7,9,5691,0.0,-0.0
820,DE_Balance,LU_Balance,2030,9,10,12,5692,0.0,0.0
821,DE_Balance,LU_Balance,2030,9,13,15,5693,0.0,-0.0
822,DE_Balance,LU_Balance,2030,9,16,18,5694,0.0,-0.0
823,DE_Balance,LU_Balance,2030,9,19,21,5695,0.0,0.0
824,DE_Balance,LU_Balance,2030,9,22,24,5696,0.0,0.0
825,FR_Balance,CH_Balance,2030,9,1,3,5697,-2.0253,0.0
826,FR_Balance,CH_Balance,2030,9,4,6,5698,-2.0253,0.0
827,FR_Balance,CH_Balance,2030,9,7,9,5699,-1.3502,0.0
828,FR_Balance,CH_Balance,2030,9,10,12,5700,0.0,0.0
829,FR_Balance,CH_Balance,2030,9,13,15,5701,0.0,-0.0
830,FR_Balance,CH_Balance,2030,9,16,18,5702,-1.3502,0.0
831,FR_Balance,CH_Balance,2030,9,19,21,5703,0.0,0.0
832,FR_Balance,CH_Balance,2030,9,22,24,5704,0.0,-0.0
833,FR_Balance,LU_Balance,2030,9,1,3,5705,0.0,-0.0
834,FR_Balance,LU_Balance,2030,9,4,6,5706,0.0,-0.0
835,FR_Balance,LU_Balance,2030,9,7,9,5707,0.0,0.0
836,FR_Balance,LU_Balance,2030,9,10,12,5708,0.0,-0.0
837,FR_Balance,LU_Balance,2030,9,13,15,5709,0.0,0.0
838,FR_Balance,LU_Balance,2030,9,16,18,5710,-1.3502,0.0
839,FR_Balance,LU_Balance,2030,9,19,21,5711,0.0,0.0
840,FR_Balance,LU_Balance,2030,9,22,24,5712,0.0,-0.0
841,DE_Balance,AT_Balance,2030,9,1,3,5777,0.0,-0.0
842,DE_Balance,AT_Balance,2030,9,4,6,5778,0.0,0.0
843,DE_Balance,AT_Balance,2030,9,7,9,5779,-1.3502,0.0
844,DE_Balance,AT_Balance,2030,9,10,12,5780,0.0,0.0
845,DE_Balance,AT_Balance,2030,9,13,15,5781,0.0,0.0
846,DE_Balance,AT_Balance,2030,9,16,18,5782,0.0,0.0
847,DE_Balance,AT_Balance,2030,9,19,21,5783,0.0,0.0
848,DE_Balance,AT_Balance,2030,9,22,24,5784,0.0,0.0
849,BE_Balance,LU_Balance,2030,9,1,3,5825,0.0,0.0
850,BE_Balance,LU_Balance,2030,9,4,6,5826,0.0,0.0
851,BE_Balance,LU_Balance,2030,9,7,9,5827,0.0,0.0
852,BE_Balance,LU_Balance,2030,9,10,12,5828,0.0,0.0
853,BE_Balance,LU_Balance,2030,9,13,15,5829,0.0,0.0
854,BE_Balance,LU_Balance,2030,9,16,18,5830,0.0,0.0
855,BE_Balance,LU_Balance,2030,9,19,21,5831,0.0,-0.0
856,BE_Balance,LU_Balance,2030,9,22,24,5832,0.0,0.0
857,CH_Balance,AT_Balance,2030,9,1,3,5857,0.0,2.0253
858,CH_Balance,AT_Balance,2030,9,4,6,5858,0.0,2.0253
859,CH_Balance,AT_Balance,2030,9,7,9,5859,0.0,0.0
860,CH_Balance,AT_Balance,2030,9,10,12,5860,0.0,0.0
861,CH_Balance,AT_Balance,2030,9,13,15,5861,0.0,0.0
862,CH_Balance,AT_Balance,2030,9,16,18,5862,0.0,0.0
863,CH_Balance,AT_Balance,2030,9,19,21,5863,0.0,-0.0
864,CH_Balance,AT_Balance,2030,9,22,24,5864,0.0,-0.0
865,NL_Balance,BE_Balance,2030,10,1,3,6289,0.0,0.0
866,NL_Balance,BE_Balance,2030,10,4,6,6290,0.0,0.0
867,NL_Balance,BE_Balance,2030,10,7,9,6291,0.0,0.0
868,NL_Balance,BE_Balance,2030,10,10,12,6292,0.0,0.0
869,NL_Balance,BE_Balance,2030,10,13,15,6293,0.0,-0.0
870,NL_Balance,BE_Balance,2030,10,16,18,6294,0.0,0.0
871,NL_Balance,BE_Balance,2030,10,19,21,6295,0.0,0.0
872,NL_Balance,BE_Balance,2030,10,22,24,6296,0.0,0.0
873,NL_Balance,DE_Balance,2030,10,1,3,6297,0.0,0.0
874,NL_Balance,DE_Balance,2030,10,4,6,6298,-4.055999999999996,0.0
875,NL_Balance,DE_Balance,2030,10,7,9,6299,-4.055999999999997,0.0
876,NL_Balance,DE_Balance,2030,10,10,12,6300,0.0,0.0
877,NL_Balance,DE_Balance,2030,10,13,15,6301,0.0,0.0
878,NL_Balance,DE_Balance,2030,10,16,18,6302,0.0,0.0
879,NL_Balance,DE_Balance,2030,10,19,21,6303,-0.5329000000000006,0.0
880,NL_Balance,DE_Balance,2030,10,22,24,6304,0.0,0.0
881,BE_Balance,FR_Balance,2030,10,1,3,6305,0.0,-0.0
882,BE_Balance,FR_Balance,2030,10,4,6,6306,0.0,6.745865705666331
883,BE_Balance,FR_Balance,2030,10,7,9,6307,0.0,0.0
884,BE_Balance,FR_Balance,2030,10,10,12,6308,0.0,0.0
885,BE_Balance,FR_Balance,2030,10,13,15,6309,0.0,2.1114
886,BE_Balance,FR_Balance,2030,10,16,18,6310,0.0,15.967531411332674
887,BE_Balance,FR_Balance,2030,10,19,21,6311,0.0,4.69996570566634
888,BE_Balance,FR_Balance,2030,10,22,24,6312,0.0,0.0
889,BE_Balance,DE_Balance,2030,10,1,3,6313,0.0,0.0
890,BE_Balance,DE_Balance,2030,10,4,6,6314,-4.055999999999997,0.0
891,BE_Balance,DE_Balance,2030,10,7,9,6315,-4.055999999999997,0.0
892,BE_Balance,DE_Balance,2030,10,10,12,6316,0.0,0.0
893,BE_Balance,DE_Balance,2030,10,13,15,6317,0.0,0.0
894,BE_Balance,DE_Balance,2030,10,16,18,6318,0.0,0.0
895,BE_Balance,DE_Balance,2030,10,19,21,6319,-0.5329000000000006,0.0
896,BE_Balance,DE_Balance,2030,10,22,24,6320,0.0,0.0
897,DE_Balance,FR_Balance,2030,10,1,3,6321,0.0,-0.0
898,DE_Balance,FR_Balance,2030,10,4,6,6322,0.0,10.801865705666328
899,DE_Balance,FR_Balance,2030,10,7,9,6323,0.0,4.055999999999997
900,DE_Balance,FR_Balance,2030,10,10,12,6324,0.0,-0.0
901,DE_Balance,FR_Balance,2030,10,13,15,6325,0.0,2.1114
902,DE_Balance,FR_Balance,2030,10,16,18,6326,0.0,15.967531411332674
903,DE_Balance,FR_Balance,2030,10,19,21,6327,0.0,5.23286570566634
904,DE_Balance,FR_Balance,2030,10,22,24,6328,0.0,0.0
905,DE_Balance,CH_Balance,2030,10,1,3,6329,0.0,0.0
906,DE_Balance,CH_Balance,2030,10,4,6,6330,0.0,0.0
907,DE_Balance,CH_Balance,2030,10,7,9,6331,0.0,-0.0
908,DE_Balance,CH_Balance,2030,10,10,12,6332,0.0,-0.0
909,DE_Balance,CH_Balance,2030,10,13,15,6333,0.0,2.1114
910,DE_Balance,CH_Balance,2030,10,16,18,6334,0.0,12.191931411332668
911,DE_Balance,CH_Balance,2030,10,19,21,6335,0.0,-0.0
912,DE_Balance,CH_Balance,2030,10,22,24,6336,0.0,0.0
913,DE_Balance,AT_Balance,2030,10,1,3,6337,0.0,-0.0
914,DE_Balance,AT_Balance,2030,10,4,6,6338,0.0,-0.0
915,DE_Balance,AT_Balance,2030,10,7,9,6339,0.0,0.0
916,DE_Balance,AT_Balance,2030,10,10,12,6340,0.0,0.0
917,DE_Balance,AT_Balance,2030,10,13,15,6341,0.0,0.0
918,DE_Balance,AT_Balance,2030,10,16,18,6342,0.0,11.372131411332674
919,DE_Balance,AT_Balance,2030,10,19,21,6343,0.0,0.0
920,DE_Balance,AT_Balance,2030,10,22,24,6344,0.0,0.0
921,DE_Balance,LU_Balance,2030,10,1,3,6345,0.0,-0.0
922,DE_Balance,LU_Balance,2030,10,4,6,6346,0.0,4.055999999999997
923,DE_Balance,LU_Balance,2030,10,7,9,6347,0.0,4.055999999999997
924,DE_Balance,LU_Balance,2030,10,10,12,6348,0.0,-0.0
925,DE_Balance,LU_Balance,2030,10,13,15,6349,0.0,-0.0
926,DE_Balance,LU_Balance,2030,10,16,18,6350,0.0,0.0
927,DE_Balance,LU_Balance,2030,10,19,21,6351,0.0,0.5329000000000006
928,DE_Balance,LU_Balance,2030,10,22,24,6352,0.0,0.0
929,FR_Balance,CH_Balance,2030,10,1,3,6353,0.0,0.0
930,FR_Balance,CH_Balance,2030,10,4,6,6354,-10.801865705666328,0.0
931,FR_Balance,CH_Balance,2030,10,7,9,6355,-4.055999999999997,0.0
932,FR_Balance,CH_Balance,2030,10,10,12,6356,0.0,0.0
933,FR_Balance,CH_Balance,2030,10,13,15,6357,0.0,-0.0
934,FR_Balance,CH_Balance,2030,10,16,18,6358,-3.7756000000000065,0.0
935,FR_Balance,CH_Balance,2030,10,19,21,6359,-5.23286570566634,0.0
936,FR_Balance,CH_Balance,2030,10,22,24,6360,0.0,0.0
937,FR_Balance,LU_Balance,2030,10,1,3,6361,0.0,0.0
938,FR_Balance,LU_Balance,2030,10,4,6,6362,-6.745865705666331,0.0
939,FR_Balance,LU_Balance,2030,10,7,9,6363,0.0,0.0
940,FR_Balance,LU_Balance,2030,10,10,12,6364,0.0,0.0
941,FR_Balance,LU_Balance,2030,10,13,15,6365,-2.1114,0.0
942,FR_Balance,LU_Balance,2030,10,16,18,6366,-15.967531411332674,0.0
943,FR_Balance,LU_Balance,2030,10,19,21,6367,-4.69996570566634,0.0
944,FR_Balance,LU_Balance,2030,10,22,24,6368,0.0,-0.0
945,BE_Balance,LU_Balance,2030,10,1,3,6457,0.0,0.0
946,BE_Balance,LU_Balance,2030,10,4,6,6458,0.0,0.0
947,BE_Balance,LU_Balance,2030,10,7,9,6459,0.0,0.0
948,BE_Balance,LU_Balance,2030,10,10,12,6460,0.0,0.0
949,BE_Balance,LU_Balance,2030,10,13,15,6461,0.0,0.0
950,BE_Balance,LU_Balance,2030,10,16,18,6462,0.0,0.0
951,BE_Balance,LU_Balance,2030,10,19,21,6463,0.0,0.0
952,BE_Balance,LU_Balance,2030,10,22,24,6464,0.0,0.0
953,CH_Balance,AT_Balance,2030,10,1,3,6529,0.0,-0.0
954,CH_Balance,AT_Balance,2030,10,4,6,6530,0.0,-0.0
955,CH_Balance,AT_Balance,2030,10,7,9,6531,0.0,0.0
956,CH_Balance,AT_Balance,2030,10,10,12,6532,0.0,0.0
957,CH_Balance,AT_Balance,2030,10,13,15,6533,-2.1114,0.0
958,CH_Balance,AT_Balance,2030,10,16,18,6534,-0.8197999999999928,0.0
959,CH_Balance,AT_Balance,2030,10,19,21,6535,0.0,0.0
960,CH_Balance,AT_Balance,2030,10,22,24,6536,0.0,-0.0
